"TIME","AGE","GEO","DURATION","PARTNER","UNIT","Value","Flag and Footnotes"
"2017","From 15 to 24 years","European Union - 28 countries (2013-2020)","1 night or over","All countries of the world","Number","37 499 278",""
"2017","From 15 to 24 years","Belgium","1 night or over","All countries of the world","Number","842 828","b"
"2017","From 15 to 24 years","Bulgaria","1 night or over","All countries of the world","Number","343 299",""
"2017","From 15 to 24 years","Czechia","1 night or over","All countries of the world","Number","914 942",""
"2017","From 15 to 24 years","Denmark","1 night or over","All countries of the world","Number","525 574","e"
"2017","From 15 to 24 years","Germany (until 1990 former territory of the FRG)","1 night or over","All countries of the world","Number","6 495 701",""
"2017","From 15 to 24 years","Estonia","1 night or over","All countries of the world","Number","118 006","u"
"2017","From 15 to 24 years","Ireland","1 night or over","All countries of the world","Number","435 224",""
"2017","From 15 to 24 years","Greece","1 night or over","All countries of the world","Number","438 916",""
"2017","From 15 to 24 years","Spain","1 night or over","All countries of the world","Number","3 839 237",""
"2017","From 15 to 24 years","France","1 night or over","All countries of the world","Number","5 428 903",""
"2017","From 15 to 24 years","Croatia","1 night or over","All countries of the world","Number","306 741",""
"2017","From 15 to 24 years","Italy","1 night or over","All countries of the world","Number","2 883 173",""
"2017","From 15 to 24 years","Cyprus","1 night or over","All countries of the world","Number","100 417","e"
"2017","From 15 to 24 years","Latvia","1 night or over","All countries of the world","Number","133 955",""
"2017","From 15 to 24 years","Lithuania","1 night or over","All countries of the world","Number","263 425",""
"2017","From 15 to 24 years","Luxembourg","1 night or over","All countries of the world","Number","62 108",""
"2017","From 15 to 24 years","Hungary","1 night or over","All countries of the world","Number","582 918",""
"2017","From 15 to 24 years","Malta","1 night or over","All countries of the world","Number","42 447",""
"2017","From 15 to 24 years","Netherlands","1 night or over","All countries of the world","Number","1 854 213",""
"2017","From 15 to 24 years","Austria","1 night or over","All countries of the world","Number","834 794",""
"2017","From 15 to 24 years","Poland","1 night or over","All countries of the world","Number","3 435 174",""
"2017","From 15 to 24 years","Portugal","1 night or over","All countries of the world","Number","505 752",""
"2017","From 15 to 24 years","Romania","1 night or over","All countries of the world","Number","687 744",""
"2017","From 15 to 24 years","Slovenia","1 night or over","All countries of the world","Number","158 234",""
"2017","From 15 to 24 years","Slovakia","1 night or over","All countries of the world","Number","503 693",""
"2017","From 15 to 24 years","Finland","1 night or over","All countries of the world","Number","602 363",""
"2017","From 15 to 24 years","Sweden","1 night or over","All countries of the world","Number","894 107","b"
"2017","From 15 to 24 years","Iceland","1 night or over","All countries of the world","Number",":",""
"2017","From 15 to 24 years","Norway","1 night or over","All countries of the world","Number","557 405",""
"2017","From 15 to 24 years","Switzerland","1 night or over","All countries of the world","Number","812 012",""
"2017","From 15 to 24 years","United Kingdom","1 night or over","All countries of the world","Number",":",""
"2017","From 15 to 24 years","Montenegro","1 night or over","All countries of the world","Number",":",""
"2017","15 years or over","European Union - 28 countries (2013-2020)","1 night or over","All countries of the world","Number","267 572 379",""
"2017","15 years or over","Belgium","1 night or over","All countries of the world","Number","5 838 576","b"
"2017","15 years or over","Bulgaria","1 night or over","All countries of the world","Number","2 127 469",""
"2017","15 years or over","Czechia","1 night or over","All countries of the world","Number","7 284 097",""
"2017","15 years or over","Denmark","1 night or over","All countries of the world","Number","3 404 878","e"
"2017","15 years or over","Germany (until 1990 former territory of the FRG)","1 night or over","All countries of the world","Number","51 707 246",""
"2017","15 years or over","Estonia","1 night or over","All countries of the world","Number","746 057",""
"2017","15 years or over","Ireland","1 night or over","All countries of the world","Number","2 833 130",""
"2017","15 years or over","Greece","1 night or over","All countries of the world","Number","3 592 564",""
"2017","15 years or over","Spain","1 night or over","All countries of the world","Number","25 665 519",""
"2017","15 years or over","France","1 night or over","All countries of the world","Number","38 695 712",""
"2017","15 years or over","Croatia","1 night or over","All countries of the world","Number","1 564 984",""
"2017","15 years or over","Italy","1 night or over","All countries of the world","Number","21 540 692",""
"2017","15 years or over","Cyprus","1 night or over","All countries of the world","Number","491 783","e"
"2017","15 years or over","Latvia","1 night or over","All countries of the world","Number","930 819",""
"2017","15 years or over","Lithuania","1 night or over","All countries of the world","Number","1 399 279",""
"2017","15 years or over","Luxembourg","1 night or over","All countries of the world","Number","401 800",""
"2017","15 years or over","Hungary","1 night or over","All countries of the world","Number","4 791 341",""
"2017","15 years or over","Malta","1 night or over","All countries of the world","Number","251 186",""
"2017","15 years or over","Netherlands","1 night or over","All countries of the world","Number","12 040 006",""
"2017","15 years or over","Austria","1 night or over","All countries of the world","Number","5 668 361",""
"2017","15 years or over","Poland","1 night or over","All countries of the world","Number","19 180 052",""
"2017","15 years or over","Portugal","1 night or over","All countries of the world","Number","3 712 984",""
"2017","15 years or over","Romania","1 night or over","All countries of the world","Number","4 380 527",""
"2017","15 years or over","Slovenia","1 night or over","All countries of the world","Number","1 152 354",""
"2017","15 years or over","Slovakia","1 night or over","All countries of the world","Number","3 246 263",""
"2017","15 years or over","Finland","1 night or over","All countries of the world","Number","4 086 639",""
"2017","15 years or over","Sweden","1 night or over","All countries of the world","Number","6 048 527","b"
"2017","15 years or over","Iceland","1 night or over","All countries of the world","Number",":",""
"2017","15 years or over","Norway","1 night or over","All countries of the world","Number","3 656 232",""
"2017","15 years or over","Switzerland","1 night or over","All countries of the world","Number","6 134 362",""
"2017","15 years or over","United Kingdom","1 night or over","All countries of the world","Number",":",""
"2017","15 years or over","Montenegro","1 night or over","All countries of the world","Number",":",""
"2017","From 25 to 34 years","European Union - 28 countries (2013-2020)","1 night or over","All countries of the world","Number","44 848 739",""
"2017","From 25 to 34 years","Belgium","1 night or over","All countries of the world","Number","1 053 765","b"
"2017","From 25 to 34 years","Bulgaria","1 night or over","All countries of the world","Number","407 828",""
"2017","From 25 to 34 years","Czechia","1 night or over","All countries of the world","Number","1 287 390",""
"2017","From 25 to 34 years","Denmark","1 night or over","All countries of the world","Number","548 166","e"
"2017","From 25 to 34 years","Germany (until 1990 former territory of the FRG)","1 night or over","All countries of the world","Number","8 934 210",""
"2017","From 25 to 34 years","Estonia","1 night or over","All countries of the world","Number","157 239",""
"2017","From 25 to 34 years","Ireland","1 night or over","All countries of the world","Number","456 266",""
"2017","From 25 to 34 years","Greece","1 night or over","All countries of the world","Number","504 238",""
"2017","From 25 to 34 years","Spain","1 night or over","All countries of the world","Number","4 139 981",""
"2017","From 25 to 34 years","France","1 night or over","All countries of the world","Number","5 905 353",""
"2017","From 25 to 34 years","Croatia","1 night or over","All countries of the world","Number","292 723",""
"2017","From 25 to 34 years","Italy","1 night or over","All countries of the world","Number","3 304 372",""
"2017","From 25 to 34 years","Cyprus","1 night or over","All countries of the world","Number","112 687","e"
"2017","From 25 to 34 years","Latvia","1 night or over","All countries of the world","Number","194 155",""
"2017","From 25 to 34 years","Lithuania","1 night or over","All countries of the world","Number","283 100",""
"2017","From 25 to 34 years","Luxembourg","1 night or over","All countries of the world","Number","71 791",""
"2017","From 25 to 34 years","Hungary","1 night or over","All countries of the world","Number","751 108",""
"2017","From 25 to 34 years","Malta","1 night or over","All countries of the world","Number","57 335",""
"2017","From 25 to 34 years","Netherlands","1 night or over","All countries of the world","Number","1 865 637",""
"2017","From 25 to 34 years","Austria","1 night or over","All countries of the world","Number","979 708",""
"2017","From 25 to 34 years","Poland","1 night or over","All countries of the world","Number","3 751 940",""
"2017","From 25 to 34 years","Portugal","1 night or over","All countries of the world","Number","414 070",""
"2017","From 25 to 34 years","Romania","1 night or over","All countries of the world","Number","1 021 431",""
"2017","From 25 to 34 years","Slovenia","1 night or over","All countries of the world","Number","218 675",""
"2017","From 25 to 34 years","Slovakia","1 night or over","All countries of the world","Number","578 051",""
"2017","From 25 to 34 years","Finland","1 night or over","All countries of the world","Number","669 051",""
"2017","From 25 to 34 years","Sweden","1 night or over","All countries of the world","Number","649 642","b"
"2017","From 25 to 34 years","Iceland","1 night or over","All countries of the world","Number",":",""
"2017","From 25 to 34 years","Norway","1 night or over","All countries of the world","Number","607 156",""
"2017","From 25 to 34 years","Switzerland","1 night or over","All countries of the world","Number","990 601",""
"2017","From 25 to 34 years","United Kingdom","1 night or over","All countries of the world","Number",":",""
"2017","From 25 to 34 years","Montenegro","1 night or over","All countries of the world","Number",":",""
"2017","From 25 to 44 years","European Union - 28 countries (2013-2020)","1 night or over","All countries of the world","Number","93 340 081",""
"2017","From 25 to 44 years","Belgium","1 night or over","All countries of the world","Number","2 131 148","b"
"2017","From 25 to 44 years","Bulgaria","1 night or over","All countries of the world","Number","890 274",""
"2017","From 25 to 44 years","Czechia","1 night or over","All countries of the world","Number","2 834 002",""
"2017","From 25 to 44 years","Denmark","1 night or over","All countries of the world","Number","1 070 991","e"
"2017","From 25 to 44 years","Germany (until 1990 former territory of the FRG)","1 night or over","All countries of the world","Number","16 189 390",""
"2017","From 25 to 44 years","Estonia","1 night or over","All countries of the world","Number","309 194",""
"2017","From 25 to 44 years","Ireland","1 night or over","All countries of the world","Number","1 057 915",""
"2017","From 25 to 44 years","Greece","1 night or over","All countries of the world","Number","1 307 579",""
"2017","From 25 to 44 years","Spain","1 night or over","All countries of the world","Number","9 760 885",""
"2017","From 25 to 44 years","France","1 night or over","All countries of the world","Number","12 937 923",""
"2017","From 25 to 44 years","Croatia","1 night or over","All countries of the world","Number","615 848",""
"2017","From 25 to 44 years","Italy","1 night or over","All countries of the world","Number","7 543 045",""
"2017","From 25 to 44 years","Cyprus","1 night or over","All countries of the world","Number","204 322","e"
"2017","From 25 to 44 years","Latvia","1 night or over","All countries of the world","Number","370 494",""
"2017","From 25 to 44 years","Lithuania","1 night or over","All countries of the world","Number","538 758",""
"2017","From 25 to 44 years","Luxembourg","1 night or over","All countries of the world","Number","154 973",""
"2017","From 25 to 44 years","Hungary","1 night or over","All countries of the world","Number","1 768 869",""
"2017","From 25 to 44 years","Malta","1 night or over","All countries of the world","Number","98 318",""
"2017","From 25 to 44 years","Netherlands","1 night or over","All countries of the world","Number","3 707 144",""
"2017","From 25 to 44 years","Austria","1 night or over","All countries of the world","Number","1 897 959",""
"2017","From 25 to 44 years","Poland","1 night or over","All countries of the world","Number","7 755 589",""
"2017","From 25 to 44 years","Portugal","1 night or over","All countries of the world","Number","1 266 946",""
"2017","From 25 to 44 years","Romania","1 night or over","All countries of the world","Number","2 021 715",""
"2017","From 25 to 44 years","Slovenia","1 night or over","All countries of the world","Number","464 103",""
"2017","From 25 to 44 years","Slovakia","1 night or over","All countries of the world","Number","1 405 847",""
"2017","From 25 to 44 years","Finland","1 night or over","All countries of the world","Number","1 316 097",""
"2017","From 25 to 44 years","Sweden","1 night or over","All countries of the world","Number","1 479 709","b"
"2017","From 25 to 44 years","Iceland","1 night or over","All countries of the world","Number",":",""
"2017","From 25 to 44 years","Norway","1 night or over","All countries of the world","Number","1 328 818",""
"2017","From 25 to 44 years","Switzerland","1 night or over","All countries of the world","Number","2 195 488",""
"2017","From 25 to 44 years","United Kingdom","1 night or over","All countries of the world","Number",":",""
"2017","From 25 to 44 years","Montenegro","1 night or over","All countries of the world","Number",":",""
"2017","From 35 to 44 years","European Union - 28 countries (2013-2020)","1 night or over","All countries of the world","Number","48 490 678",""
"2017","From 35 to 44 years","Belgium","1 night or over","All countries of the world","Number","1 077 383","b"
"2017","From 35 to 44 years","Bulgaria","1 night or over","All countries of the world","Number","482 446",""
"2017","From 35 to 44 years","Czechia","1 night or over","All countries of the world","Number","1 546 612",""
"2017","From 35 to 44 years","Denmark","1 night or over","All countries of the world","Number","522 825","e"
"2017","From 35 to 44 years","Germany (until 1990 former territory of the FRG)","1 night or over","All countries of the world","Number","7 255 179",""
"2017","From 35 to 44 years","Estonia","1 night or over","All countries of the world","Number","151 955",""
"2017","From 35 to 44 years","Ireland","1 night or over","All countries of the world","Number","601 649",""
"2017","From 35 to 44 years","Greece","1 night or over","All countries of the world","Number","803 341",""
"2017","From 35 to 44 years","Spain","1 night or over","All countries of the world","Number","5 620 904",""
"2017","From 35 to 44 years","France","1 night or over","All countries of the world","Number","7 032 570",""
"2017","From 35 to 44 years","Croatia","1 night or over","All countries of the world","Number","323 125",""
"2017","From 35 to 44 years","Italy","1 night or over","All countries of the world","Number","4 238 672",""
"2017","From 35 to 44 years","Cyprus","1 night or over","All countries of the world","Number","91 635","e"
"2017","From 35 to 44 years","Latvia","1 night or over","All countries of the world","Number","176 339",""
"2017","From 35 to 44 years","Lithuania","1 night or over","All countries of the world","Number","255 658",""
"2017","From 35 to 44 years","Luxembourg","1 night or over","All countries of the world","Number","83 183",""
"2017","From 35 to 44 years","Hungary","1 night or over","All countries of the world","Number","1 017 761",""
"2017","From 35 to 44 years","Malta","1 night or over","All countries of the world","Number","40 983",""
"2017","From 35 to 44 years","Netherlands","1 night or over","All countries of the world","Number","1 841 507",""
"2017","From 35 to 44 years","Austria","1 night or over","All countries of the world","Number","918 251",""
"2017","From 35 to 44 years","Poland","1 night or over","All countries of the world","Number","4 003 649",""
"2017","From 35 to 44 years","Portugal","1 night or over","All countries of the world","Number","852 876",""
"2017","From 35 to 44 years","Romania","1 night or over","All countries of the world","Number","1 000 284",""
"2017","From 35 to 44 years","Slovenia","1 night or over","All countries of the world","Number","245 428",""
"2017","From 35 to 44 years","Slovakia","1 night or over","All countries of the world","Number","827 796",""
"2017","From 35 to 44 years","Finland","1 night or over","All countries of the world","Number","647 046",""
"2017","From 35 to 44 years","Sweden","1 night or over","All countries of the world","Number","830 067","b"
"2017","From 35 to 44 years","Iceland","1 night or over","All countries of the world","Number",":",""
"2017","From 35 to 44 years","Norway","1 night or over","All countries of the world","Number","721 662",""
"2017","From 35 to 44 years","Switzerland","1 night or over","All countries of the world","Number","1 204 887",""
"2017","From 35 to 44 years","United Kingdom","1 night or over","All countries of the world","Number",":",""
"2017","From 35 to 44 years","Montenegro","1 night or over","All countries of the world","Number",":",""
"2017","From 45 to 54 years","European Union - 28 countries (2013-2020)","1 night or over","All countries of the world","Number","48 016 708",""
"2017","From 45 to 54 years","Belgium","1 night or over","All countries of the world","Number","1 126 534","b"
"2017","From 45 to 54 years","Bulgaria","1 night or over","All countries of the world","Number","388 196",""
"2017","From 45 to 54 years","Czechia","1 night or over","All countries of the world","Number","1 281 761",""
"2017","From 45 to 54 years","Denmark","1 night or over","All countries of the world","Number","586 093","e"
"2017","From 45 to 54 years","Germany (until 1990 former territory of the FRG)","1 night or over","All countries of the world","Number","9 647 036",""
"2017","From 45 to 54 years","Estonia","1 night or over","All countries of the world","Number","124 204",""
"2017","From 45 to 54 years","Ireland","1 night or over","All countries of the world","Number","507 740",""
"2017","From 45 to 54 years","Greece","1 night or over","All countries of the world","Number","724 847",""
"2017","From 45 to 54 years","Spain","1 night or over","All countries of the world","Number","4 821 112",""
"2017","From 45 to 54 years","France","1 night or over","All countries of the world","Number","6 228 628",""
"2017","From 45 to 54 years","Croatia","1 night or over","All countries of the world","Number","260 462",""
"2017","From 45 to 54 years","Italy","1 night or over","All countries of the world","Number","4 426 836",""
"2017","From 45 to 54 years","Cyprus","1 night or over","All countries of the world","Number","74 205","e"
"2017","From 45 to 54 years","Latvia","1 night or over","All countries of the world","Number","185 268",""
"2017","From 45 to 54 years","Lithuania","1 night or over","All countries of the world","Number","296 042",""
"2017","From 45 to 54 years","Luxembourg","1 night or over","All countries of the world","Number","72 553",""
"2017","From 45 to 54 years","Hungary","1 night or over","All countries of the world","Number","896 413",""
"2017","From 45 to 54 years","Malta","1 night or over","All countries of the world","Number","45 356",""
"2017","From 45 to 54 years","Netherlands","1 night or over","All countries of the world","Number","2 241 829",""
"2017","From 45 to 54 years","Austria","1 night or over","All countries of the world","Number","1 142 358",""
"2017","From 45 to 54 years","Poland","1 night or over","All countries of the world","Number","2 688 274",""
"2017","From 45 to 54 years","Portugal","1 night or over","All countries of the world","Number","678 955",""
"2017","From 45 to 54 years","Romania","1 night or over","All countries of the world","Number","686 647",""
"2017","From 45 to 54 years","Slovenia","1 night or over","All countries of the world","Number","213 805",""
"2017","From 45 to 54 years","Slovakia","1 night or over","All countries of the world","Number","434 087",""
"2017","From 45 to 54 years","Finland","1 night or over","All countries of the world","Number","663 214",""
"2017","From 45 to 54 years","Sweden","1 night or over","All countries of the world","Number","1 186 195","b"
"2017","From 45 to 54 years","Iceland","1 night or over","All countries of the world","Number",":",""
"2017","From 45 to 54 years","Norway","1 night or over","All countries of the world","Number","699 243",""
"2017","From 45 to 54 years","Switzerland","1 night or over","All countries of the world","Number","1 120 463",""
"2017","From 45 to 54 years","United Kingdom","1 night or over","All countries of the world","Number",":",""
"2017","From 45 to 54 years","Montenegro","1 night or over","All countries of the world","Number",":",""
"2017","From 45 to 64 years","European Union - 28 countries (2013-2020)","1 night or over","All countries of the world","Number","89 594 832",""
"2017","From 45 to 64 years","Belgium","1 night or over","All countries of the world","Number","2 040 583","b"
"2017","From 45 to 64 years","Bulgaria","1 night or over","All countries of the world","Number","682 175",""
"2017","From 45 to 64 years","Czechia","1 night or over","All countries of the world","Number","2 337 068",""
"2017","From 45 to 64 years","Denmark","1 night or over","All countries of the world","Number","1 124 728","e"
"2017","From 45 to 64 years","Germany (until 1990 former territory of the FRG)","1 night or over","All countries of the world","Number","18 522 325",""
"2017","From 45 to 64 years","Estonia","1 night or over","All countries of the world","Number","225 074",""
"2017","From 45 to 64 years","Ireland","1 night or over","All countries of the world","Number","899 788",""
"2017","From 45 to 64 years","Greece","1 night or over","All countries of the world","Number","1 264 829",""
"2017","From 45 to 64 years","Spain","1 night or over","All countries of the world","Number","8 348 806",""
"2017","From 45 to 64 years","France","1 night or over","All countries of the world","Number","12 046 235",""
"2017","From 45 to 64 years","Croatia","1 night or over","All countries of the world","Number","477 906",""
"2017","From 45 to 64 years","Italy","1 night or over","All countries of the world","Number","7 929 909",""
"2017","From 45 to 64 years","Cyprus","1 night or over","All countries of the world","Number","130 436","e"
"2017","From 45 to 64 years","Latvia","1 night or over","All countries of the world","Number","322 425",""
"2017","From 45 to 64 years","Lithuania","1 night or over","All countries of the world","Number","467 039",""
"2017","From 45 to 64 years","Luxembourg","1 night or over","All countries of the world","Number","133 444",""
"2017","From 45 to 64 years","Hungary","1 night or over","All countries of the world","Number","1 604 796",""
"2017","From 45 to 64 years","Malta","1 night or over","All countries of the world","Number","82 597",""
"2017","From 45 to 64 years","Netherlands","1 night or over","All countries of the world","Number","4 116 815",""
"2017","From 45 to 64 years","Austria","1 night or over","All countries of the world","Number","2 015 568",""
"2017","From 45 to 64 years","Poland","1 night or over","All countries of the world","Number","5 486 750",""
"2017","From 45 to 64 years","Portugal","1 night or over","All countries of the world","Number","1 264 484",""
"2017","From 45 to 64 years","Romania","1 night or over","All countries of the world","Number","1 241 641",""
"2017","From 45 to 64 years","Slovenia","1 night or over","All countries of the world","Number","386 744",""
"2017","From 45 to 64 years","Slovakia","1 night or over","All countries of the world","Number","987 640",""
"2017","From 45 to 64 years","Finland","1 night or over","All countries of the world","Number","1 323 781",""
"2017","From 45 to 64 years","Sweden","1 night or over","All countries of the world","Number","2 335 694","b"
"2017","From 45 to 64 years","Iceland","1 night or over","All countries of the world","Number",":",""
"2017","From 45 to 64 years","Norway","1 night or over","All countries of the world","Number","1 238 384",""
"2017","From 45 to 64 years","Switzerland","1 night or over","All countries of the world","Number","2 037 953",""
"2017","From 45 to 64 years","United Kingdom","1 night or over","All countries of the world","Number",":",""
"2017","From 45 to 64 years","Montenegro","1 night or over","All countries of the world","Number",":",""
"2017","From 55 to 64 years","European Union - 28 countries (2013-2020)","1 night or over","All countries of the world","Number","41 578 493",""
"2017","From 55 to 64 years","Belgium","1 night or over","All countries of the world","Number","914 049","b"
"2017","From 55 to 64 years","Bulgaria","1 night or over","All countries of the world","Number","293 979",""
"2017","From 55 to 64 years","Czechia","1 night or over","All countries of the world","Number","1 055 307",""
"2017","From 55 to 64 years","Denmark","1 night or over","All countries of the world","Number","538 635","e"
"2017","From 55 to 64 years","Germany (until 1990 former territory of the FRG)","1 night or over","All countries of the world","Number","8 875 289",""
"2017","From 55 to 64 years","Estonia","1 night or over","All countries of the world","Number","100 871",""
"2017","From 55 to 64 years","Ireland","1 night or over","All countries of the world","Number","392 048",""
"2017","From 55 to 64 years","Greece","1 night or over","All countries of the world","Number","539 982",""
"2017","From 55 to 64 years","Spain","1 night or over","All countries of the world","Number","3 527 694",""
"2017","From 55 to 64 years","France","1 night or over","All countries of the world","Number","5 817 606",""
"2017","From 55 to 64 years","Croatia","1 night or over","All countries of the world","Number","217 444",""
"2017","From 55 to 64 years","Italy","1 night or over","All countries of the world","Number","3 503 072",""
"2017","From 55 to 64 years","Cyprus","1 night or over","All countries of the world","Number","56 232","e"
"2017","From 55 to 64 years","Latvia","1 night or over","All countries of the world","Number","137 157",""
"2017","From 55 to 64 years","Lithuania","1 night or over","All countries of the world","Number","170 997",""
"2017","From 55 to 64 years","Luxembourg","1 night or over","All countries of the world","Number","60 891",""
"2017","From 55 to 64 years","Hungary","1 night or over","All countries of the world","Number","708 383",""
"2017","From 55 to 64 years","Malta","1 night or over","All countries of the world","Number","37 241",""
"2017","From 55 to 64 years","Netherlands","1 night or over","All countries of the world","Number","1 874 986",""
"2017","From 55 to 64 years","Austria","1 night or over","All countries of the world","Number","873 210",""
"2017","From 55 to 64 years","Poland","1 night or over","All countries of the world","Number","2 798 476",""
"2017","From 55 to 64 years","Portugal","1 night or over","All countries of the world","Number","585 529",""
"2017","From 55 to 64 years","Romania","1 night or over","All countries of the world","Number","554 994",""
"2017","From 55 to 64 years","Slovenia","1 night or over","All countries of the world","Number","172 939",""
"2017","From 55 to 64 years","Slovakia","1 night or over","All countries of the world","Number","553 553",""
"2017","From 55 to 64 years","Finland","1 night or over","All countries of the world","Number","660 567",""
"2017","From 55 to 64 years","Sweden","1 night or over","All countries of the world","Number","1 149 499","b"
"2017","From 55 to 64 years","Iceland","1 night or over","All countries of the world","Number",":",""
"2017","From 55 to 64 years","Norway","1 night or over","All countries of the world","Number","539 142",""
"2017","From 55 to 64 years","Switzerland","1 night or over","All countries of the world","Number","917 491",""
"2017","From 55 to 64 years","United Kingdom","1 night or over","All countries of the world","Number",":",""
"2017","From 55 to 64 years","Montenegro","1 night or over","All countries of the world","Number",":",""
"2017","65 years or over","European Union - 28 countries (2013-2020)","1 night or over","All countries of the world","Number","47 138 483",""
"2017","65 years or over","Belgium","1 night or over","All countries of the world","Number","824 016","b"
"2017","65 years or over","Bulgaria","1 night or over","All countries of the world","Number","211 721",""
"2017","65 years or over","Czechia","1 night or over","All countries of the world","Number","1 198 085",""
"2017","65 years or over","Denmark","1 night or over","All countries of the world","Number","683 585","e"
"2017","65 years or over","Germany (until 1990 former territory of the FRG)","1 night or over","All countries of the world","Number","10 499 831",""
"2017","65 years or over","Estonia","1 night or over","All countries of the world","Number","93 783",""
"2017","65 years or over","Ireland","1 night or over","All countries of the world","Number","440 204",""
"2017","65 years or over","Greece","1 night or over","All countries of the world","Number","581 240",""
"2017","65 years or over","Spain","1 night or over","All countries of the world","Number","3 716 591",""
"2017","65 years or over","France","1 night or over","All countries of the world","Number","8 282 651",""
"2017","65 years or over","Croatia","1 night or over","All countries of the world","Number","164 490",""
"2017","65 years or over","Italy","1 night or over","All countries of the world","Number","3 184 565",""
"2017","65 years or over","Cyprus","1 night or over","All countries of the world","Number","56 608","e"
"2017","65 years or over","Latvia","1 night or over","All countries of the world","Number","103 945",""
"2017","65 years or over","Lithuania","1 night or over","All countries of the world","Number","130 057",""
"2017","65 years or over","Luxembourg","1 night or over","All countries of the world","Number","51 274",""
"2017","65 years or over","Hungary","1 night or over","All countries of the world","Number","834 758",""
"2017","65 years or over","Malta","1 night or over","All countries of the world","Number","27 823",""
"2017","65 years or over","Netherlands","1 night or over","All countries of the world","Number","2 361 834",""
"2017","65 years or over","Austria","1 night or over","All countries of the world","Number","920 041",""
"2017","65 years or over","Poland","1 night or over","All countries of the world","Number","2 502 539",""
"2017","65 years or over","Portugal","1 night or over","All countries of the world","Number","675 802",""
"2017","65 years or over","Romania","1 night or over","All countries of the world","Number","429 427",""
"2017","65 years or over","Slovenia","1 night or over","All countries of the world","Number","143 274",""
"2017","65 years or over","Slovakia","1 night or over","All countries of the world","Number","349 083",""
"2017","65 years or over","Finland","1 night or over","All countries of the world","Number","844 398",""
"2017","65 years or over","Sweden","1 night or over","All countries of the world","Number","1 339 016","b"
"2017","65 years or over","Iceland","1 night or over","All countries of the world","Number",":",""
"2017","65 years or over","Norway","1 night or over","All countries of the world","Number","531 624",""
"2017","65 years or over","Switzerland","1 night or over","All countries of the world","Number","1 088 908",""
"2017","65 years or over","United Kingdom","1 night or over","All countries of the world","Number",":",""
"2017","65 years or over","Montenegro","1 night or over","All countries of the world","Number",":",""
"2018","From 15 to 24 years","European Union - 28 countries (2013-2020)","1 night or over","All countries of the world","Number","38 981 427",""
"2018","From 15 to 24 years","Belgium","1 night or over","All countries of the world","Number","821 637",""
"2018","From 15 to 24 years","Bulgaria","1 night or over","All countries of the world","Number","324 208",""
"2018","From 15 to 24 years","Czechia","1 night or over","All countries of the world","Number","858 703",""
"2018","From 15 to 24 years","Denmark","1 night or over","All countries of the world","Number","534 232","e"
"2018","From 15 to 24 years","Germany (until 1990 former territory of the FRG)","1 night or over","All countries of the world","Number","7 415 489",""
"2018","From 15 to 24 years","Estonia","1 night or over","All countries of the world","Number","112 318","u"
"2018","From 15 to 24 years","Ireland","1 night or over","All countries of the world","Number","453 335",""
"2018","From 15 to 24 years","Greece","1 night or over","All countries of the world","Number","513 943",""
"2018","From 15 to 24 years","Spain","1 night or over","All countries of the world","Number","4 010 906",""
"2018","From 15 to 24 years","France","1 night or over","All countries of the world","Number","5 570 700",""
"2018","From 15 to 24 years","Croatia","1 night or over","All countries of the world","Number","375 098",""
"2018","From 15 to 24 years","Italy","1 night or over","All countries of the world","Number","3 128 587",""
"2018","From 15 to 24 years","Cyprus","1 night or over","All countries of the world","Number","95 450","e"
"2018","From 15 to 24 years","Latvia","1 night or over","All countries of the world","Number","130 137",""
"2018","From 15 to 24 years","Lithuania","1 night or over","All countries of the world","Number","253 897",""
"2018","From 15 to 24 years","Luxembourg","1 night or over","All countries of the world","Number","60 938",""
"2018","From 15 to 24 years","Hungary","1 night or over","All countries of the world","Number","590 170",""
"2018","From 15 to 24 years","Malta","1 night or over","All countries of the world","Number","44 208",""
"2018","From 15 to 24 years","Netherlands","1 night or over","All countries of the world","Number","1 805 871",""
"2018","From 15 to 24 years","Austria","1 night or over","All countries of the world","Number","841 363",""
"2018","From 15 to 24 years","Poland","1 night or over","All countries of the world","Number","3 513 992",""
"2018","From 15 to 24 years","Portugal","1 night or over","All countries of the world","Number","543 417",""
"2018","From 15 to 24 years","Romania","1 night or over","All countries of the world","Number","692 162",""
"2018","From 15 to 24 years","Slovenia","1 night or over","All countries of the world","Number","168 179",""
"2018","From 15 to 24 years","Slovakia","1 night or over","All countries of the world","Number","455 026",""
"2018","From 15 to 24 years","Finland","1 night or over","All countries of the world","Number","592 225",""
"2018","From 15 to 24 years","Sweden","1 night or over","All countries of the world","Number","814 840",""
"2018","From 15 to 24 years","Iceland","1 night or over","All countries of the world","Number",":",""
"2018","From 15 to 24 years","Norway","1 night or over","All countries of the world","Number","550 807",""
"2018","From 15 to 24 years","Switzerland","1 night or over","All countries of the world","Number","741 296",""
"2018","From 15 to 24 years","United Kingdom","1 night or over","All countries of the world","Number",":",""
"2018","From 15 to 24 years","Montenegro","1 night or over","All countries of the world","Number",":",""
"2018","15 years or over","European Union - 28 countries (2013-2020)","1 night or over","All countries of the world","Number","275 276 132",""
"2018","15 years or over","Belgium","1 night or over","All countries of the world","Number","6 065 208",""
"2018","15 years or over","Bulgaria","1 night or over","All countries of the world","Number","2 067 347",""
"2018","15 years or over","Czechia","1 night or over","All countries of the world","Number","6 995 226",""
"2018","15 years or over","Denmark","1 night or over","All countries of the world","Number","3 400 682","e"
"2018","15 years or over","Germany (until 1990 former territory of the FRG)","1 night or over","All countries of the world","Number","53 945 660",""
"2018","15 years or over","Estonia","1 night or over","All countries of the world","Number","877 354",""
"2018","15 years or over","Ireland","1 night or over","All countries of the world","Number","2 894 173",""
"2018","15 years or over","Greece","1 night or over","All countries of the world","Number","3 915 849",""
"2018","15 years or over","Spain","1 night or over","All countries of the world","Number","26 500 895",""
"2018","15 years or over","France","1 night or over","All countries of the world","Number","39 136 047",""
"2018","15 years or over","Croatia","1 night or over","All countries of the world","Number","1 687 520",""
"2018","15 years or over","Italy","1 night or over","All countries of the world","Number","23 338 194",""
"2018","15 years or over","Cyprus","1 night or over","All countries of the world","Number","507 317","e"
"2018","15 years or over","Latvia","1 night or over","All countries of the world","Number","986 805",""
"2018","15 years or over","Lithuania","1 night or over","All countries of the world","Number","1 368 814",""
"2018","15 years or over","Luxembourg","1 night or over","All countries of the world","Number","409 408",""
"2018","15 years or over","Hungary","1 night or over","All countries of the world","Number","4 907 937",""
"2018","15 years or over","Malta","1 night or over","All countries of the world","Number","267 058",""
"2018","15 years or over","Netherlands","1 night or over","All countries of the world","Number","12 033 412",""
"2018","15 years or over","Austria","1 night or over","All countries of the world","Number","5 848 362",""
"2018","15 years or over","Poland","1 night or over","All countries of the world","Number","20 035 352",""
"2018","15 years or over","Portugal","1 night or over","All countries of the world","Number","3 910 378",""
"2018","15 years or over","Romania","1 night or over","All countries of the world","Number","4 401 006",""
"2018","15 years or over","Slovenia","1 night or over","All countries of the world","Number","1 222 193",""
"2018","15 years or over","Slovakia","1 night or over","All countries of the world","Number","3 363 601",""
"2018","15 years or over","Finland","1 night or over","All countries of the world","Number","4 088 482",""
"2018","15 years or over","Sweden","1 night or over","All countries of the world","Number","6 326 802",""
"2018","15 years or over","Iceland","1 night or over","All countries of the world","Number",":",""
"2018","15 years or over","Norway","1 night or over","All countries of the world","Number","3 767 905",""
"2018","15 years or over","Switzerland","1 night or over","All countries of the world","Number","6 224 641",""
"2018","15 years or over","United Kingdom","1 night or over","All countries of the world","Number",":",""
"2018","15 years or over","Montenegro","1 night or over","All countries of the world","Number",":",""
"2018","From 25 to 34 years","European Union - 28 countries (2013-2020)","1 night or over","All countries of the world","Number","45 088 134",""
"2018","From 25 to 34 years","Belgium","1 night or over","All countries of the world","Number","1 100 331",""
"2018","From 25 to 34 years","Bulgaria","1 night or over","All countries of the world","Number","399 161",""
"2018","From 25 to 34 years","Czechia","1 night or over","All countries of the world","Number","1 200 368",""
"2018","From 25 to 34 years","Denmark","1 night or over","All countries of the world","Number","553 600","e"
"2018","From 25 to 34 years","Germany (until 1990 former territory of the FRG)","1 night or over","All countries of the world","Number","8 578 699",""
"2018","From 25 to 34 years","Estonia","1 night or over","All countries of the world","Number","176 500",""
"2018","From 25 to 34 years","Ireland","1 night or over","All countries of the world","Number","455 888",""
"2018","From 25 to 34 years","Greece","1 night or over","All countries of the world","Number","543 175",""
"2018","From 25 to 34 years","Spain","1 night or over","All countries of the world","Number","4 054 210",""
"2018","From 25 to 34 years","France","1 night or over","All countries of the world","Number","5 776 465",""
"2018","From 25 to 34 years","Croatia","1 night or over","All countries of the world","Number","305 341",""
"2018","From 25 to 34 years","Italy","1 night or over","All countries of the world","Number","3 507 671",""
"2018","From 25 to 34 years","Cyprus","1 night or over","All countries of the world","Number","119 046","e"
"2018","From 25 to 34 years","Latvia","1 night or over","All countries of the world","Number","207 529",""
"2018","From 25 to 34 years","Lithuania","1 night or over","All countries of the world","Number","266 446",""
"2018","From 25 to 34 years","Luxembourg","1 night or over","All countries of the world","Number","68 143",""
"2018","From 25 to 34 years","Hungary","1 night or over","All countries of the world","Number","772 421",""
"2018","From 25 to 34 years","Malta","1 night or over","All countries of the world","Number","65 142",""
"2018","From 25 to 34 years","Netherlands","1 night or over","All countries of the world","Number","1 931 456",""
"2018","From 25 to 34 years","Austria","1 night or over","All countries of the world","Number","1 050 741",""
"2018","From 25 to 34 years","Poland","1 night or over","All countries of the world","Number","3 962 394",""
"2018","From 25 to 34 years","Portugal","1 night or over","All countries of the world","Number","419 292",""
"2018","From 25 to 34 years","Romania","1 night or over","All countries of the world","Number","1 029 431",""
"2018","From 25 to 34 years","Slovenia","1 night or over","All countries of the world","Number","208 116",""
"2018","From 25 to 34 years","Slovakia","1 night or over","All countries of the world","Number","609 905",""
"2018","From 25 to 34 years","Finland","1 night or over","All countries of the world","Number","687 077",""
"2018","From 25 to 34 years","Sweden","1 night or over","All countries of the world","Number","805 524",""
"2018","From 25 to 34 years","Iceland","1 night or over","All countries of the world","Number",":",""
"2018","From 25 to 34 years","Norway","1 night or over","All countries of the world","Number","679 786",""
"2018","From 25 to 34 years","Switzerland","1 night or over","All countries of the world","Number","1 057 118",""
"2018","From 25 to 34 years","United Kingdom","1 night or over","All countries of the world","Number",":",""
"2018","From 25 to 34 years","Montenegro","1 night or over","All countries of the world","Number",":",""
"2018","From 25 to 44 years","European Union - 28 countries (2013-2020)","1 night or over","All countries of the world","Number","94 621 118",""
"2018","From 25 to 44 years","Belgium","1 night or over","All countries of the world","Number","2 244 189",""
"2018","From 25 to 44 years","Bulgaria","1 night or over","All countries of the world","Number","884 757",""
"2018","From 25 to 44 years","Czechia","1 night or over","All countries of the world","Number","2 672 015",""
"2018","From 25 to 44 years","Denmark","1 night or over","All countries of the world","Number","1 074 032","e"
"2018","From 25 to 44 years","Germany (until 1990 former territory of the FRG)","1 night or over","All countries of the world","Number","16 718 728",""
"2018","From 25 to 44 years","Estonia","1 night or over","All countries of the world","Number","349 172",""
"2018","From 25 to 44 years","Ireland","1 night or over","All countries of the world","Number","1 134 699",""
"2018","From 25 to 44 years","Greece","1 night or over","All countries of the world","Number","1 375 218",""
"2018","From 25 to 44 years","Spain","1 night or over","All countries of the world","Number","9 828 386",""
"2018","From 25 to 44 years","France","1 night or over","All countries of the world","Number","12 153 088",""
"2018","From 25 to 44 years","Croatia","1 night or over","All countries of the world","Number","659 106",""
"2018","From 25 to 44 years","Italy","1 night or over","All countries of the world","Number","7 798 363",""
"2018","From 25 to 44 years","Cyprus","1 night or over","All countries of the world","Number","217 146","e"
"2018","From 25 to 44 years","Latvia","1 night or over","All countries of the world","Number","392 701",""
"2018","From 25 to 44 years","Lithuania","1 night or over","All countries of the world","Number","505 817",""
"2018","From 25 to 44 years","Luxembourg","1 night or over","All countries of the world","Number","159 642",""
"2018","From 25 to 44 years","Hungary","1 night or over","All countries of the world","Number","1 873 673",""
"2018","From 25 to 44 years","Malta","1 night or over","All countries of the world","Number","111 491",""
"2018","From 25 to 44 years","Netherlands","1 night or over","All countries of the world","Number","3 776 791",""
"2018","From 25 to 44 years","Austria","1 night or over","All countries of the world","Number","2 010 193",""
"2018","From 25 to 44 years","Poland","1 night or over","All countries of the world","Number","8 229 258",""
"2018","From 25 to 44 years","Portugal","1 night or over","All countries of the world","Number","1 377 795",""
"2018","From 25 to 44 years","Romania","1 night or over","All countries of the world","Number","2 039 918",""
"2018","From 25 to 44 years","Slovenia","1 night or over","All countries of the world","Number","470 273",""
"2018","From 25 to 44 years","Slovakia","1 night or over","All countries of the world","Number","1 371 279",""
"2018","From 25 to 44 years","Finland","1 night or over","All countries of the world","Number","1 358 445",""
"2018","From 25 to 44 years","Sweden","1 night or over","All countries of the world","Number","1 597 395",""
"2018","From 25 to 44 years","Iceland","1 night or over","All countries of the world","Number",":",""
"2018","From 25 to 44 years","Norway","1 night or over","All countries of the world","Number","1 342 653",""
"2018","From 25 to 44 years","Switzerland","1 night or over","All countries of the world","Number","2 169 253",""
"2018","From 25 to 44 years","United Kingdom","1 night or over","All countries of the world","Number",":",""
"2018","From 25 to 44 years","Montenegro","1 night or over","All countries of the world","Number",":",""
"2018","From 35 to 44 years","European Union - 28 countries (2013-2020)","1 night or over","All countries of the world","Number","49 532 324",""
"2018","From 35 to 44 years","Belgium","1 night or over","All countries of the world","Number","1 143 858",""
"2018","From 35 to 44 years","Bulgaria","1 night or over","All countries of the world","Number","485 596",""
"2018","From 35 to 44 years","Czechia","1 night or over","All countries of the world","Number","1 471 647",""
"2018","From 35 to 44 years","Denmark","1 night or over","All countries of the world","Number","520 432","e"
"2018","From 35 to 44 years","Germany (until 1990 former territory of the FRG)","1 night or over","All countries of the world","Number","8 140 029",""
"2018","From 35 to 44 years","Estonia","1 night or over","All countries of the world","Number","172 672",""
"2018","From 35 to 44 years","Ireland","1 night or over","All countries of the world","Number","678 811",""
"2018","From 35 to 44 years","Greece","1 night or over","All countries of the world","Number","832 043",""
"2018","From 35 to 44 years","Spain","1 night or over","All countries of the world","Number","5 774 176",""
"2018","From 35 to 44 years","France","1 night or over","All countries of the world","Number","6 376 623",""
"2018","From 35 to 44 years","Croatia","1 night or over","All countries of the world","Number","353 765",""
"2018","From 35 to 44 years","Italy","1 night or over","All countries of the world","Number","4 290 693",""
"2018","From 35 to 44 years","Cyprus","1 night or over","All countries of the world","Number","98 100","e"
"2018","From 35 to 44 years","Latvia","1 night or over","All countries of the world","Number","185 172",""
"2018","From 35 to 44 years","Lithuania","1 night or over","All countries of the world","Number","239 371",""
"2018","From 35 to 44 years","Luxembourg","1 night or over","All countries of the world","Number","91 499",""
"2018","From 35 to 44 years","Hungary","1 night or over","All countries of the world","Number","1 101 252",""
"2018","From 35 to 44 years","Malta","1 night or over","All countries of the world","Number","46 349",""
"2018","From 35 to 44 years","Netherlands","1 night or over","All countries of the world","Number","1 845 335",""
"2018","From 35 to 44 years","Austria","1 night or over","All countries of the world","Number","959 452",""
"2018","From 35 to 44 years","Poland","1 night or over","All countries of the world","Number","4 266 864",""
"2018","From 35 to 44 years","Portugal","1 night or over","All countries of the world","Number","958 503",""
"2018","From 35 to 44 years","Romania","1 night or over","All countries of the world","Number","1 010 487",""
"2018","From 35 to 44 years","Slovenia","1 night or over","All countries of the world","Number","262 158",""
"2018","From 35 to 44 years","Slovakia","1 night or over","All countries of the world","Number","761 374",""
"2018","From 35 to 44 years","Finland","1 night or over","All countries of the world","Number","671 368",""
"2018","From 35 to 44 years","Sweden","1 night or over","All countries of the world","Number","791 872",""
"2018","From 35 to 44 years","Iceland","1 night or over","All countries of the world","Number",":",""
"2018","From 35 to 44 years","Norway","1 night or over","All countries of the world","Number","662 868",""
"2018","From 35 to 44 years","Switzerland","1 night or over","All countries of the world","Number","1 112 135",""
"2018","From 35 to 44 years","United Kingdom","1 night or over","All countries of the world","Number",":",""
"2018","From 35 to 44 years","Montenegro","1 night or over","All countries of the world","Number",":",""
"2018","From 45 to 54 years","European Union - 28 countries (2013-2020)","1 night or over","All countries of the world","Number","49 500 800",""
"2018","From 45 to 54 years","Belgium","1 night or over","All countries of the world","Number","1 119 146",""
"2018","From 45 to 54 years","Bulgaria","1 night or over","All countries of the world","Number","361 608",""
"2018","From 45 to 54 years","Czechia","1 night or over","All countries of the world","Number","1 244 924",""
"2018","From 45 to 54 years","Denmark","1 night or over","All countries of the world","Number","609 075","e"
"2018","From 45 to 54 years","Germany (until 1990 former territory of the FRG)","1 night or over","All countries of the world","Number","9 985 871",""
"2018","From 45 to 54 years","Estonia","1 night or over","All countries of the world","Number","148 113",""
"2018","From 45 to 54 years","Ireland","1 night or over","All countries of the world","Number","494 319",""
"2018","From 45 to 54 years","Greece","1 night or over","All countries of the world","Number","812 411",""
"2018","From 45 to 54 years","Spain","1 night or over","All countries of the world","Number","5 130 549",""
"2018","From 45 to 54 years","France","1 night or over","All countries of the world","Number","6 568 177",""
"2018","From 45 to 54 years","Croatia","1 night or over","All countries of the world","Number","295 633",""
"2018","From 45 to 54 years","Italy","1 night or over","All countries of the world","Number","4 814 120",""
"2018","From 45 to 54 years","Cyprus","1 night or over","All countries of the world","Number","75 163","e"
"2018","From 45 to 54 years","Latvia","1 night or over","All countries of the world","Number","168 212",""
"2018","From 45 to 54 years","Lithuania","1 night or over","All countries of the world","Number","303 536",""
"2018","From 45 to 54 years","Luxembourg","1 night or over","All countries of the world","Number","77 164",""
"2018","From 45 to 54 years","Hungary","1 night or over","All countries of the world","Number","853 124",""
"2018","From 45 to 54 years","Malta","1 night or over","All countries of the world","Number","41 406",""
"2018","From 45 to 54 years","Netherlands","1 night or over","All countries of the world","Number","2 198 722",""
"2018","From 45 to 54 years","Austria","1 night or over","All countries of the world","Number","1 103 319",""
"2018","From 45 to 54 years","Poland","1 night or over","All countries of the world","Number","2 857 069",""
"2018","From 45 to 54 years","Portugal","1 night or over","All countries of the world","Number","678 168",""
"2018","From 45 to 54 years","Romania","1 night or over","All countries of the world","Number","712 322",""
"2018","From 45 to 54 years","Slovenia","1 night or over","All countries of the world","Number","231 352",""
"2018","From 45 to 54 years","Slovakia","1 night or over","All countries of the world","Number","560 282",""
"2018","From 45 to 54 years","Finland","1 night or over","All countries of the world","Number","640 238",""
"2018","From 45 to 54 years","Sweden","1 night or over","All countries of the world","Number","1 026 781",""
"2018","From 45 to 54 years","Iceland","1 night or over","All countries of the world","Number",":",""
"2018","From 45 to 54 years","Norway","1 night or over","All countries of the world","Number","704 279",""
"2018","From 45 to 54 years","Switzerland","1 night or over","All countries of the world","Number","1 262 581",""
"2018","From 45 to 54 years","United Kingdom","1 night or over","All countries of the world","Number",":",""
"2018","From 45 to 54 years","Montenegro","1 night or over","All countries of the world","Number",":",""
"2018","From 45 to 64 years","European Union - 28 countries (2013-2020)","1 night or over","All countries of the world","Number","91 928 644",""
"2018","From 45 to 64 years","Belgium","1 night or over","All countries of the world","Number","2 079 777",""
"2018","From 45 to 64 years","Bulgaria","1 night or over","All countries of the world","Number","661 289",""
"2018","From 45 to 64 years","Czechia","1 night or over","All countries of the world","Number","2 272 142",""
"2018","From 45 to 64 years","Denmark","1 night or over","All countries of the world","Number","1 107 114","e"
"2018","From 45 to 64 years","Germany (until 1990 former territory of the FRG)","1 night or over","All countries of the world","Number","18 856 281",""
"2018","From 45 to 64 years","Estonia","1 night or over","All countries of the world","Number","279 799",""
"2018","From 45 to 64 years","Ireland","1 night or over","All countries of the world","Number","886 096",""
"2018","From 45 to 64 years","Greece","1 night or over","All countries of the world","Number","1 365 954",""
"2018","From 45 to 64 years","Spain","1 night or over","All countries of the world","Number","8 824 624",""
"2018","From 45 to 64 years","France","1 night or over","All countries of the world","Number","12 558 887",""
"2018","From 45 to 64 years","Croatia","1 night or over","All countries of the world","Number","492 912",""
"2018","From 45 to 64 years","Italy","1 night or over","All countries of the world","Number","8 501 719",""
"2018","From 45 to 64 years","Cyprus","1 night or over","All countries of the world","Number","137 075","e"
"2018","From 45 to 64 years","Latvia","1 night or over","All countries of the world","Number","318 528",""
"2018","From 45 to 64 years","Lithuania","1 night or over","All countries of the world","Number","479 896",""
"2018","From 45 to 64 years","Luxembourg","1 night or over","All countries of the world","Number","133 981",""
"2018","From 45 to 64 years","Hungary","1 night or over","All countries of the world","Number","1 558 151",""
"2018","From 45 to 64 years","Malta","1 night or over","All countries of the world","Number","76 027",""
"2018","From 45 to 64 years","Netherlands","1 night or over","All countries of the world","Number","4 111 871",""
"2018","From 45 to 64 years","Austria","1 night or over","All countries of the world","Number","2 042 779",""
"2018","From 45 to 64 years","Poland","1 night or over","All countries of the world","Number","5 720 444",""
"2018","From 45 to 64 years","Portugal","1 night or over","All countries of the world","Number","1 261 696",""
"2018","From 45 to 64 years","Romania","1 night or over","All countries of the world","Number","1 240 468",""
"2018","From 45 to 64 years","Slovenia","1 night or over","All countries of the world","Number","429 418",""
"2018","From 45 to 64 years","Slovakia","1 night or over","All countries of the world","Number","1 063 832",""
"2018","From 45 to 64 years","Finland","1 night or over","All countries of the world","Number","1 307 233",""
"2018","From 45 to 64 years","Sweden","1 night or over","All countries of the world","Number","2 379 844",""
"2018","From 45 to 64 years","Iceland","1 night or over","All countries of the world","Number",":",""
"2018","From 45 to 64 years","Norway","1 night or over","All countries of the world","Number","1 286 523",""
"2018","From 45 to 64 years","Switzerland","1 night or over","All countries of the world","Number","2 211 348",""
"2018","From 45 to 64 years","United Kingdom","1 night or over","All countries of the world","Number",":",""
"2018","From 45 to 64 years","Montenegro","1 night or over","All countries of the world","Number",":",""
"2018","From 55 to 64 years","European Union - 28 countries (2013-2020)","1 night or over","All countries of the world","Number","42 428 212",""
"2018","From 55 to 64 years","Belgium","1 night or over","All countries of the world","Number","960 631",""
"2018","From 55 to 64 years","Bulgaria","1 night or over","All countries of the world","Number","299 681",""
"2018","From 55 to 64 years","Czechia","1 night or over","All countries of the world","Number","1 027 218",""
"2018","From 55 to 64 years","Denmark","1 night or over","All countries of the world","Number","498 039","e"
"2018","From 55 to 64 years","Germany (until 1990 former territory of the FRG)","1 night or over","All countries of the world","Number","8 870 410",""
"2018","From 55 to 64 years","Estonia","1 night or over","All countries of the world","Number","131 686",""
"2018","From 55 to 64 years","Ireland","1 night or over","All countries of the world","Number","391 777",""
"2018","From 55 to 64 years","Greece","1 night or over","All countries of the world","Number","553 543",""
"2018","From 55 to 64 years","Spain","1 night or over","All countries of the world","Number","3 694 076",""
"2018","From 55 to 64 years","France","1 night or over","All countries of the world","Number","5 990 710",""
"2018","From 55 to 64 years","Croatia","1 night or over","All countries of the world","Number","197 278",""
"2018","From 55 to 64 years","Italy","1 night or over","All countries of the world","Number","3 687 599",""
"2018","From 55 to 64 years","Cyprus","1 night or over","All countries of the world","Number","61 913","e"
"2018","From 55 to 64 years","Latvia","1 night or over","All countries of the world","Number","150 316",""
"2018","From 55 to 64 years","Lithuania","1 night or over","All countries of the world","Number","176 360",""
"2018","From 55 to 64 years","Luxembourg","1 night or over","All countries of the world","Number","56 817",""
"2018","From 55 to 64 years","Hungary","1 night or over","All countries of the world","Number","705 027",""
"2018","From 55 to 64 years","Malta","1 night or over","All countries of the world","Number","34 621",""
"2018","From 55 to 64 years","Netherlands","1 night or over","All countries of the world","Number","1 913 149",""
"2018","From 55 to 64 years","Austria","1 night or over","All countries of the world","Number","939 460",""
"2018","From 55 to 64 years","Poland","1 night or over","All countries of the world","Number","2 863 375",""
"2018","From 55 to 64 years","Portugal","1 night or over","All countries of the world","Number","583 528",""
"2018","From 55 to 64 years","Romania","1 night or over","All countries of the world","Number","528 146",""
"2018","From 55 to 64 years","Slovenia","1 night or over","All countries of the world","Number","198 066",""
"2018","From 55 to 64 years","Slovakia","1 night or over","All countries of the world","Number","503 550",""
"2018","From 55 to 64 years","Finland","1 night or over","All countries of the world","Number","666 995",""
"2018","From 55 to 64 years","Sweden","1 night or over","All countries of the world","Number","1 353 061",""
"2018","From 55 to 64 years","Iceland","1 night or over","All countries of the world","Number",":",""
"2018","From 55 to 64 years","Norway","1 night or over","All countries of the world","Number","582 244",""
"2018","From 55 to 64 years","Switzerland","1 night or over","All countries of the world","Number","948 767",""
"2018","From 55 to 64 years","United Kingdom","1 night or over","All countries of the world","Number",":",""
"2018","From 55 to 64 years","Montenegro","1 night or over","All countries of the world","Number",":",""
"2018","65 years or over","European Union - 28 countries (2013-2020)","1 night or over","All countries of the world","Number","49 745 233",""
"2018","65 years or over","Belgium","1 night or over","All countries of the world","Number","919 604",""
"2018","65 years or over","Bulgaria","1 night or over","All countries of the world","Number","197 093",""
"2018","65 years or over","Czechia","1 night or over","All countries of the world","Number","1 192 366",""
"2018","65 years or over","Denmark","1 night or over","All countries of the world","Number","685 304","e"
"2018","65 years or over","Germany (until 1990 former territory of the FRG)","1 night or over","All countries of the world","Number","10 955 162",""
"2018","65 years or over","Estonia","1 night or over","All countries of the world","Number","136 065",""
"2018","65 years or over","Ireland","1 night or over","All countries of the world","Number","420 043",""
"2018","65 years or over","Greece","1 night or over","All countries of the world","Number","660 734",""
"2018","65 years or over","Spain","1 night or over","All countries of the world","Number","3 836 978",""
"2018","65 years or over","France","1 night or over","All countries of the world","Number","8 853 372",""
"2018","65 years or over","Croatia","1 night or over","All countries of the world","Number","160 405",""
"2018","65 years or over","Italy","1 night or over","All countries of the world","Number","3 909 524",""
"2018","65 years or over","Cyprus","1 night or over","All countries of the world","Number","57 646","e"
"2018","65 years or over","Latvia","1 night or over","All countries of the world","Number","145 439",""
"2018","65 years or over","Lithuania","1 night or over","All countries of the world","Number","129 204",""
"2018","65 years or over","Luxembourg","1 night or over","All countries of the world","Number","54 847",""
"2018","65 years or over","Hungary","1 night or over","All countries of the world","Number","885 943",""
"2018","65 years or over","Malta","1 night or over","All countries of the world","Number","35 331",""
"2018","65 years or over","Netherlands","1 night or over","All countries of the world","Number","2 338 879",""
"2018","65 years or over","Austria","1 night or over","All countries of the world","Number","954 027",""
"2018","65 years or over","Poland","1 night or over","All countries of the world","Number","2 571 658",""
"2018","65 years or over","Portugal","1 night or over","All countries of the world","Number","727 469",""
"2018","65 years or over","Romania","1 night or over","All countries of the world","Number","428 458",""
"2018","65 years or over","Slovenia","1 night or over","All countries of the world","Number","154 323",""
"2018","65 years or over","Slovakia","1 night or over","All countries of the world","Number","473 464",""
"2018","65 years or over","Finland","1 night or over","All countries of the world","Number","830 579",""
"2018","65 years or over","Sweden","1 night or over","All countries of the world","Number","1 534 724",""
"2018","65 years or over","Iceland","1 night or over","All countries of the world","Number",":",""
"2018","65 years or over","Norway","1 night or over","All countries of the world","Number","587 922",""
"2018","65 years or over","Switzerland","1 night or over","All countries of the world","Number","1 102 743",""
"2018","65 years or over","United Kingdom","1 night or over","All countries of the world","Number",":",""
"2018","65 years or over","Montenegro","1 night or over","All countries of the world","Number",":",""
"2019","From 15 to 24 years","European Union - 28 countries (2013-2020)","1 night or over","All countries of the world","Number","38 994 155","e"
"2019","From 15 to 24 years","Belgium","1 night or over","All countries of the world","Number","843 454",""
"2019","From 15 to 24 years","Bulgaria","1 night or over","All countries of the world","Number","322 725",""
"2019","From 15 to 24 years","Czechia","1 night or over","All countries of the world","Number","828 509",""
"2019","From 15 to 24 years","Denmark","1 night or over","All countries of the world","Number","490 674",""
"2019","From 15 to 24 years","Germany (until 1990 former territory of the FRG)","1 night or over","All countries of the world","Number","6 740 642",""
"2019","From 15 to 24 years","Estonia","1 night or over","All countries of the world","Number","109 835","u"
"2019","From 15 to 24 years","Ireland","1 night or over","All countries of the world","Number","457 177",""
"2019","From 15 to 24 years","Greece","1 night or over","All countries of the world","Number","494 888",""
"2019","From 15 to 24 years","Spain","1 night or over","All countries of the world","Number","4 294 001",""
"2019","From 15 to 24 years","France","1 night or over","All countries of the world","Number","5 708 187",""
"2019","From 15 to 24 years","Croatia","1 night or over","All countries of the world","Number","359 561",""
"2019","From 15 to 24 years","Italy","1 night or over","All countries of the world","Number","3 071 505",""
"2019","From 15 to 24 years","Cyprus","1 night or over","All countries of the world","Number","100 869","e"
"2019","From 15 to 24 years","Latvia","1 night or over","All countries of the world","Number","124 152",""
"2019","From 15 to 24 years","Lithuania","1 night or over","All countries of the world","Number","252 755",""
"2019","From 15 to 24 years","Luxembourg","1 night or over","All countries of the world","Number","63 992",""
"2019","From 15 to 24 years","Hungary","1 night or over","All countries of the world","Number","660 377",""
"2019","From 15 to 24 years","Malta","1 night or over","All countries of the world","Number","43 517",""
"2019","From 15 to 24 years","Netherlands","1 night or over","All countries of the world","Number","1 866 435",""
"2019","From 15 to 24 years","Austria","1 night or over","All countries of the world","Number","815 567",""
"2019","From 15 to 24 years","Poland","1 night or over","All countries of the world","Number","3 620 339",""
"2019","From 15 to 24 years","Portugal","1 night or over","All countries of the world","Number","573 446",""
"2019","From 15 to 24 years","Romania","1 night or over","All countries of the world","Number","701 880",""
"2019","From 15 to 24 years","Slovenia","1 night or over","All countries of the world","Number","157 565",""
"2019","From 15 to 24 years","Slovakia","1 night or over","All countries of the world","Number","471 271",""
"2019","From 15 to 24 years","Finland","1 night or over","All countries of the world","Number","538 972",""
"2019","From 15 to 24 years","Sweden","1 night or over","All countries of the world","Number",":",""
"2019","From 15 to 24 years","Iceland","1 night or over","All countries of the world","Number",":",""
"2019","From 15 to 24 years","Norway","1 night or over","All countries of the world","Number","531 423",""
"2019","From 15 to 24 years","Switzerland","1 night or over","All countries of the world","Number","808 040",""
"2019","From 15 to 24 years","United Kingdom","1 night or over","All countries of the world","Number",":",""
"2019","From 15 to 24 years","Montenegro","1 night or over","All countries of the world","Number",":",""
"2019","15 years or over","European Union - 28 countries (2013-2020)","1 night or over","All countries of the world","Number","279 698 537","e"
"2019","15 years or over","Belgium","1 night or over","All countries of the world","Number","6 080 845",""
"2019","15 years or over","Bulgaria","1 night or over","All countries of the world","Number","2 236 481",""
"2019","15 years or over","Czechia","1 night or over","All countries of the world","Number","7 017 668",""
"2019","15 years or over","Denmark","1 night or over","All countries of the world","Number","2 830 185",""
"2019","15 years or over","Germany (until 1990 former territory of the FRG)","1 night or over","All countries of the world","Number","54 875 841",""
"2019","15 years or over","Estonia","1 night or over","All countries of the world","Number","800 306",""
"2019","15 years or over","Ireland","1 night or over","All countries of the world","Number","2 884 048",""
"2019","15 years or over","Greece","1 night or over","All countries of the world","Number","3 747 838",""
"2019","15 years or over","Spain","1 night or over","All countries of the world","Number","27 694 148",""
"2019","15 years or over","France","1 night or over","All countries of the world","Number","39 144 172",""
"2019","15 years or over","Croatia","1 night or over","All countries of the world","Number","1 875 589",""
"2019","15 years or over","Italy","1 night or over","All countries of the world","Number","23 323 631",""
"2019","15 years or over","Cyprus","1 night or over","All countries of the world","Number","537 309","e"
"2019","15 years or over","Latvia","1 night or over","All countries of the world","Number","918 999",""
"2019","15 years or over","Lithuania","1 night or over","All countries of the world","Number","1 358 364",""
"2019","15 years or over","Luxembourg","1 night or over","All countries of the world","Number","427 473",""
"2019","15 years or over","Hungary","1 night or over","All countries of the world","Number","4 987 305",""
"2019","15 years or over","Malta","1 night or over","All countries of the world","Number","284 027",""
"2019","15 years or over","Netherlands","1 night or over","All countries of the world","Number","12 161 490",""
"2019","15 years or over","Austria","1 night or over","All countries of the world","Number","5 815 891",""
"2019","15 years or over","Poland","1 night or over","All countries of the world","Number","20 763 304",""
"2019","15 years or over","Portugal","1 night or over","All countries of the world","Number","4 241 102",""
"2019","15 years or over","Romania","1 night or over","All countries of the world","Number","4 617 129",""
"2019","15 years or over","Slovenia","1 night or over","All countries of the world","Number","1 171 713",""
"2019","15 years or over","Slovakia","1 night or over","All countries of the world","Number","3 413 879",""
"2019","15 years or over","Finland","1 night or over","All countries of the world","Number","3 731 885",""
"2019","15 years or over","Sweden","1 night or over","All countries of the world","Number",":",""
"2019","15 years or over","Iceland","1 night or over","All countries of the world","Number",":",""
"2019","15 years or over","Norway","1 night or over","All countries of the world","Number","3 705 265",""
"2019","15 years or over","Switzerland","1 night or over","All countries of the world","Number","6 086 959",""
"2019","15 years or over","United Kingdom","1 night or over","All countries of the world","Number",":",""
"2019","15 years or over","Montenegro","1 night or over","All countries of the world","Number",":",""
"2019","From 25 to 34 years","European Union - 28 countries (2013-2020)","1 night or over","All countries of the world","Number","45 626 402","e"
"2019","From 25 to 34 years","Belgium","1 night or over","All countries of the world","Number","1 082 312",""
"2019","From 25 to 34 years","Bulgaria","1 night or over","All countries of the world","Number","480 716",""
"2019","From 25 to 34 years","Czechia","1 night or over","All countries of the world","Number","1 210 531",""
"2019","From 25 to 34 years","Denmark","1 night or over","All countries of the world","Number","439 760",""
"2019","From 25 to 34 years","Germany (until 1990 former territory of the FRG)","1 night or over","All countries of the world","Number","9 058 781",""
"2019","From 25 to 34 years","Estonia","1 night or over","All countries of the world","Number","176 028",""
"2019","From 25 to 34 years","Ireland","1 night or over","All countries of the world","Number","451 939",""
"2019","From 25 to 34 years","Greece","1 night or over","All countries of the world","Number","515 064",""
"2019","From 25 to 34 years","Spain","1 night or over","All countries of the world","Number","4 204 135",""
"2019","From 25 to 34 years","France","1 night or over","All countries of the world","Number","5 583 720",""
"2019","From 25 to 34 years","Croatia","1 night or over","All countries of the world","Number","288 342",""
"2019","From 25 to 34 years","Italy","1 night or over","All countries of the world","Number","3 368 795",""
"2019","From 25 to 34 years","Cyprus","1 night or over","All countries of the world","Number","123 959","e"
"2019","From 25 to 34 years","Latvia","1 night or over","All countries of the world","Number","177 870",""
"2019","From 25 to 34 years","Lithuania","1 night or over","All countries of the world","Number","286 775",""
"2019","From 25 to 34 years","Luxembourg","1 night or over","All countries of the world","Number","73 767",""
"2019","From 25 to 34 years","Hungary","1 night or over","All countries of the world","Number","718 329",""
"2019","From 25 to 34 years","Malta","1 night or over","All countries of the world","Number","72 221",""
"2019","From 25 to 34 years","Netherlands","1 night or over","All countries of the world","Number","1 964 187",""
"2019","From 25 to 34 years","Austria","1 night or over","All countries of the world","Number","1 000 509",""
"2019","From 25 to 34 years","Poland","1 night or over","All countries of the world","Number","4 032 939",""
"2019","From 25 to 34 years","Portugal","1 night or over","All countries of the world","Number","445 374",""
"2019","From 25 to 34 years","Romania","1 night or over","All countries of the world","Number","1 083 858",""
"2019","From 25 to 34 years","Slovenia","1 night or over","All countries of the world","Number","218 461",""
"2019","From 25 to 34 years","Slovakia","1 night or over","All countries of the world","Number","606 939",""
"2019","From 25 to 34 years","Finland","1 night or over","All countries of the world","Number","626 387",""
"2019","From 25 to 34 years","Sweden","1 night or over","All countries of the world","Number",":",""
"2019","From 25 to 34 years","Iceland","1 night or over","All countries of the world","Number",":",""
"2019","From 25 to 34 years","Norway","1 night or over","All countries of the world","Number","672 520",""
"2019","From 25 to 34 years","Switzerland","1 night or over","All countries of the world","Number","1 009 363",""
"2019","From 25 to 34 years","United Kingdom","1 night or over","All countries of the world","Number",":",""
"2019","From 25 to 34 years","Montenegro","1 night or over","All countries of the world","Number",":",""
"2019","From 25 to 44 years","European Union - 28 countries (2013-2020)","1 night or over","All countries of the world","Number","95 450 915","e"
"2019","From 25 to 44 years","Belgium","1 night or over","All countries of the world","Number","2 247 041",""
"2019","From 25 to 44 years","Bulgaria","1 night or over","All countries of the world","Number","997 413",""
"2019","From 25 to 44 years","Czechia","1 night or over","All countries of the world","Number","2 670 262",""
"2019","From 25 to 44 years","Denmark","1 night or over","All countries of the world","Number","893 512",""
"2019","From 25 to 44 years","Germany (until 1990 former territory of the FRG)","1 night or over","All countries of the world","Number","17 324 326",""
"2019","From 25 to 44 years","Estonia","1 night or over","All countries of the world","Number","332 384",""
"2019","From 25 to 44 years","Ireland","1 night or over","All countries of the world","Number","1 071 473",""
"2019","From 25 to 44 years","Greece","1 night or over","All countries of the world","Number","1 312 375",""
"2019","From 25 to 44 years","Spain","1 night or over","All countries of the world","Number","9 851 630",""
"2019","From 25 to 44 years","France","1 night or over","All countries of the world","Number","11 874 775",""
"2019","From 25 to 44 years","Croatia","1 night or over","All countries of the world","Number","684 079",""
"2019","From 25 to 44 years","Italy","1 night or over","All countries of the world","Number","7 782 476",""
"2019","From 25 to 44 years","Cyprus","1 night or over","All countries of the world","Number","228 158","e"
"2019","From 25 to 44 years","Latvia","1 night or over","All countries of the world","Number","354 049",""
"2019","From 25 to 44 years","Lithuania","1 night or over","All countries of the world","Number","515 610",""
"2019","From 25 to 44 years","Luxembourg","1 night or over","All countries of the world","Number","164 812",""
"2019","From 25 to 44 years","Hungary","1 night or over","All countries of the world","Number","1 757 549",""
"2019","From 25 to 44 years","Malta","1 night or over","All countries of the world","Number","123 774",""
"2019","From 25 to 44 years","Netherlands","1 night or over","All countries of the world","Number","3 746 579",""
"2019","From 25 to 44 years","Austria","1 night or over","All countries of the world","Number","1 952 981",""
"2019","From 25 to 44 years","Poland","1 night or over","All countries of the world","Number","8 551 553",""
"2019","From 25 to 44 years","Portugal","1 night or over","All countries of the world","Number","1 404 376",""
"2019","From 25 to 44 years","Romania","1 night or over","All countries of the world","Number","2 096 621",""
"2019","From 25 to 44 years","Slovenia","1 night or over","All countries of the world","Number","462 111",""
"2019","From 25 to 44 years","Slovakia","1 night or over","All countries of the world","Number","1 386 339",""
"2019","From 25 to 44 years","Finland","1 night or over","All countries of the world","Number","1 256 324",""
"2019","From 25 to 44 years","Sweden","1 night or over","All countries of the world","Number",":",""
"2019","From 25 to 44 years","Iceland","1 night or over","All countries of the world","Number",":",""
"2019","From 25 to 44 years","Norway","1 night or over","All countries of the world","Number","1 339 825",""
"2019","From 25 to 44 years","Switzerland","1 night or over","All countries of the world","Number","2 120 832",""
"2019","From 25 to 44 years","United Kingdom","1 night or over","All countries of the world","Number",":",""
"2019","From 25 to 44 years","Montenegro","1 night or over","All countries of the world","Number",":",""
"2019","From 35 to 44 years","European Union - 28 countries (2013-2020)","1 night or over","All countries of the world","Number","49 823 822","e"
"2019","From 35 to 44 years","Belgium","1 night or over","All countries of the world","Number","1 164 729",""
"2019","From 35 to 44 years","Bulgaria","1 night or over","All countries of the world","Number","516 697",""
"2019","From 35 to 44 years","Czechia","1 night or over","All countries of the world","Number","1 459 731",""
"2019","From 35 to 44 years","Denmark","1 night or over","All countries of the world","Number","453 752",""
"2019","From 35 to 44 years","Germany (until 1990 former territory of the FRG)","1 night or over","All countries of the world","Number","8 265 546",""
"2019","From 35 to 44 years","Estonia","1 night or over","All countries of the world","Number","156 356",""
"2019","From 35 to 44 years","Ireland","1 night or over","All countries of the world","Number","619 534",""
"2019","From 35 to 44 years","Greece","1 night or over","All countries of the world","Number","797 311",""
"2019","From 35 to 44 years","Spain","1 night or over","All countries of the world","Number","5 647 495",""
"2019","From 35 to 44 years","France","1 night or over","All countries of the world","Number","6 291 054",""
"2019","From 35 to 44 years","Croatia","1 night or over","All countries of the world","Number","395 737",""
"2019","From 35 to 44 years","Italy","1 night or over","All countries of the world","Number","4 413 681",""
"2019","From 35 to 44 years","Cyprus","1 night or over","All countries of the world","Number","104 199","e"
"2019","From 35 to 44 years","Latvia","1 night or over","All countries of the world","Number","176 179",""
"2019","From 35 to 44 years","Lithuania","1 night or over","All countries of the world","Number","228 835",""
"2019","From 35 to 44 years","Luxembourg","1 night or over","All countries of the world","Number","91 045",""
"2019","From 35 to 44 years","Hungary","1 night or over","All countries of the world","Number","1 039 220",""
"2019","From 35 to 44 years","Malta","1 night or over","All countries of the world","Number","51 554",""
"2019","From 35 to 44 years","Netherlands","1 night or over","All countries of the world","Number","1 782 392",""
"2019","From 35 to 44 years","Austria","1 night or over","All countries of the world","Number","952 472",""
"2019","From 35 to 44 years","Poland","1 night or over","All countries of the world","Number","4 518 614",""
"2019","From 35 to 44 years","Portugal","1 night or over","All countries of the world","Number","959 002",""
"2019","From 35 to 44 years","Romania","1 night or over","All countries of the world","Number","1 012 763",""
"2019","From 35 to 44 years","Slovenia","1 night or over","All countries of the world","Number","243 650",""
"2019","From 35 to 44 years","Slovakia","1 night or over","All countries of the world","Number","779 400",""
"2019","From 35 to 44 years","Finland","1 night or over","All countries of the world","Number","629 937",""
"2019","From 35 to 44 years","Sweden","1 night or over","All countries of the world","Number",":",""
"2019","From 35 to 44 years","Iceland","1 night or over","All countries of the world","Number",":",""
"2019","From 35 to 44 years","Norway","1 night or over","All countries of the world","Number","667 304",""
"2019","From 35 to 44 years","Switzerland","1 night or over","All countries of the world","Number","1 111 469",""
"2019","From 35 to 44 years","United Kingdom","1 night or over","All countries of the world","Number",":",""
"2019","From 35 to 44 years","Montenegro","1 night or over","All countries of the world","Number",":",""
"2019","From 45 to 54 years","European Union - 28 countries (2013-2020)","1 night or over","All countries of the world","Number","49 304 611","e"
"2019","From 45 to 54 years","Belgium","1 night or over","All countries of the world","Number","1 135 981",""
"2019","From 45 to 54 years","Bulgaria","1 night or over","All countries of the world","Number","396 821",""
"2019","From 45 to 54 years","Czechia","1 night or over","All countries of the world","Number","1 218 517",""
"2019","From 45 to 54 years","Denmark","1 night or over","All countries of the world","Number","471 240",""
"2019","From 45 to 54 years","Germany (until 1990 former territory of the FRG)","1 night or over","All countries of the world","Number","9 333 107",""
"2019","From 45 to 54 years","Estonia","1 night or over","All countries of the world","Number","140 382",""
"2019","From 45 to 54 years","Ireland","1 night or over","All countries of the world","Number","531 558",""
"2019","From 45 to 54 years","Greece","1 night or over","All countries of the world","Number","766 347",""
"2019","From 45 to 54 years","Spain","1 night or over","All countries of the world","Number","5 345 420",""
"2019","From 45 to 54 years","France","1 night or over","All countries of the world","Number","6 398 015",""
"2019","From 45 to 54 years","Croatia","1 night or over","All countries of the world","Number","321 130",""
"2019","From 45 to 54 years","Italy","1 night or over","All countries of the world","Number","4 724 835",""
"2019","From 45 to 54 years","Cyprus","1 night or over","All countries of the world","Number","79 159","e"
"2019","From 45 to 54 years","Latvia","1 night or over","All countries of the world","Number","162 847",""
"2019","From 45 to 54 years","Lithuania","1 night or over","All countries of the world","Number","287 055",""
"2019","From 45 to 54 years","Luxembourg","1 night or over","All countries of the world","Number","73 474",""
"2019","From 45 to 54 years","Hungary","1 night or over","All countries of the world","Number","934 711",""
"2019","From 45 to 54 years","Malta","1 night or over","All countries of the world","Number","46 653",""
"2019","From 45 to 54 years","Netherlands","1 night or over","All countries of the world","Number","2 146 203",""
"2019","From 45 to 54 years","Austria","1 night or over","All countries of the world","Number","1 100 104",""
"2019","From 45 to 54 years","Poland","1 night or over","All countries of the world","Number","2 961 437",""
"2019","From 45 to 54 years","Portugal","1 night or over","All countries of the world","Number","777 807",""
"2019","From 45 to 54 years","Romania","1 night or over","All countries of the world","Number","756 391",""
"2019","From 45 to 54 years","Slovenia","1 night or over","All countries of the world","Number","228 461",""
"2019","From 45 to 54 years","Slovakia","1 night or over","All countries of the world","Number","663 059",""
"2019","From 45 to 54 years","Finland","1 night or over","All countries of the world","Number","587 018",""
"2019","From 45 to 54 years","Sweden","1 night or over","All countries of the world","Number",":",""
"2019","From 45 to 54 years","Iceland","1 night or over","All countries of the world","Number",":",""
"2019","From 45 to 54 years","Norway","1 night or over","All countries of the world","Number","705 993",""
"2019","From 45 to 54 years","Switzerland","1 night or over","All countries of the world","Number","1 134 298",""
"2019","From 45 to 54 years","United Kingdom","1 night or over","All countries of the world","Number",":",""
"2019","From 45 to 54 years","Montenegro","1 night or over","All countries of the world","Number",":",""
"2019","From 45 to 64 years","European Union - 28 countries (2013-2020)","1 night or over","All countries of the world","Number","94 377 014","e"
"2019","From 45 to 64 years","Belgium","1 night or over","All countries of the world","Number","2 105 436",""
"2019","From 45 to 64 years","Bulgaria","1 night or over","All countries of the world","Number","738 075",""
"2019","From 45 to 64 years","Czechia","1 night or over","All countries of the world","Number","2 258 364",""
"2019","From 45 to 64 years","Denmark","1 night or over","All countries of the world","Number","880 590",""
"2019","From 45 to 64 years","Germany (until 1990 former territory of the FRG)","1 night or over","All countries of the world","Number","19 724 034",""
"2019","From 45 to 64 years","Estonia","1 night or over","All countries of the world","Number","256 756",""
"2019","From 45 to 64 years","Ireland","1 night or over","All countries of the world","Number","940 143",""
"2019","From 45 to 64 years","Greece","1 night or over","All countries of the world","Number","1 360 825",""
"2019","From 45 to 64 years","Spain","1 night or over","All countries of the world","Number","9 422 364",""
"2019","From 45 to 64 years","France","1 night or over","All countries of the world","Number","12 442 558",""
"2019","From 45 to 64 years","Croatia","1 night or over","All countries of the world","Number","589 396",""
"2019","From 45 to 64 years","Italy","1 night or over","All countries of the world","Number","8 608 178",""
"2019","From 45 to 64 years","Cyprus","1 night or over","All countries of the world","Number","144 720","e"
"2019","From 45 to 64 years","Latvia","1 night or over","All countries of the world","Number","310 630",""
"2019","From 45 to 64 years","Lithuania","1 night or over","All countries of the world","Number","465 090",""
"2019","From 45 to 64 years","Luxembourg","1 night or over","All countries of the world","Number","137 290",""
"2019","From 45 to 64 years","Hungary","1 night or over","All countries of the world","Number","1 681 458",""
"2019","From 45 to 64 years","Malta","1 night or over","All countries of the world","Number","80 562",""
"2019","From 45 to 64 years","Netherlands","1 night or over","All countries of the world","Number","4 111 443",""
"2019","From 45 to 64 years","Austria","1 night or over","All countries of the world","Number","2 064 232",""
"2019","From 45 to 64 years","Poland","1 night or over","All countries of the world","Number","5 909 556",""
"2019","From 45 to 64 years","Portugal","1 night or over","All countries of the world","Number","1 427 415",""
"2019","From 45 to 64 years","Romania","1 night or over","All countries of the world","Number","1 334 653",""
"2019","From 45 to 64 years","Slovenia","1 night or over","All countries of the world","Number","404 912",""
"2019","From 45 to 64 years","Slovakia","1 night or over","All countries of the world","Number","1 065 757",""
"2019","From 45 to 64 years","Finland","1 night or over","All countries of the world","Number","1 175 742",""
"2019","From 45 to 64 years","Sweden","1 night or over","All countries of the world","Number",":",""
"2019","From 45 to 64 years","Iceland","1 night or over","All countries of the world","Number",":",""
"2019","From 45 to 64 years","Norway","1 night or over","All countries of the world","Number","1 272 942",""
"2019","From 45 to 64 years","Switzerland","1 night or over","All countries of the world","Number","2 069 032",""
"2019","From 45 to 64 years","United Kingdom","1 night or over","All countries of the world","Number",":",""
"2019","From 45 to 64 years","Montenegro","1 night or over","All countries of the world","Number",":",""
"2019","From 55 to 64 years","European Union - 28 countries (2013-2020)","1 night or over","All countries of the world","Number","45 072 784","e"
"2019","From 55 to 64 years","Belgium","1 night or over","All countries of the world","Number","969 454",""
"2019","From 55 to 64 years","Bulgaria","1 night or over","All countries of the world","Number","341 254",""
"2019","From 55 to 64 years","Czechia","1 night or over","All countries of the world","Number","1 039 847",""
"2019","From 55 to 64 years","Denmark","1 night or over","All countries of the world","Number","409 350",""
"2019","From 55 to 64 years","Germany (until 1990 former territory of the FRG)","1 night or over","All countries of the world","Number","10 390 927",""
"2019","From 55 to 64 years","Estonia","1 night or over","All countries of the world","Number","116 374",""
"2019","From 55 to 64 years","Ireland","1 night or over","All countries of the world","Number","408 585",""
"2019","From 55 to 64 years","Greece","1 night or over","All countries of the world","Number","594 478",""
"2019","From 55 to 64 years","Spain","1 night or over","All countries of the world","Number","4 076 944",""
"2019","From 55 to 64 years","France","1 night or over","All countries of the world","Number","6 044 543",""
"2019","From 55 to 64 years","Croatia","1 night or over","All countries of the world","Number","268 266",""
"2019","From 55 to 64 years","Italy","1 night or over","All countries of the world","Number","3 883 342",""
"2019","From 55 to 64 years","Cyprus","1 night or over","All countries of the world","Number","65 560","e"
"2019","From 55 to 64 years","Latvia","1 night or over","All countries of the world","Number","147 783",""
"2019","From 55 to 64 years","Lithuania","1 night or over","All countries of the world","Number","178 035",""
"2019","From 55 to 64 years","Luxembourg","1 night or over","All countries of the world","Number","63 815",""
"2019","From 55 to 64 years","Hungary","1 night or over","All countries of the world","Number","746 747",""
"2019","From 55 to 64 years","Malta","1 night or over","All countries of the world","Number","33 910",""
"2019","From 55 to 64 years","Netherlands","1 night or over","All countries of the world","Number","1 965 240",""
"2019","From 55 to 64 years","Austria","1 night or over","All countries of the world","Number","964 128",""
"2019","From 55 to 64 years","Poland","1 night or over","All countries of the world","Number","2 948 119",""
"2019","From 55 to 64 years","Portugal","1 night or over","All countries of the world","Number","649 608",""
"2019","From 55 to 64 years","Romania","1 night or over","All countries of the world","Number","578 262",""
"2019","From 55 to 64 years","Slovenia","1 night or over","All countries of the world","Number","176 451",""
"2019","From 55 to 64 years","Slovakia","1 night or over","All countries of the world","Number","402 698",""
"2019","From 55 to 64 years","Finland","1 night or over","All countries of the world","Number","588 724",""
"2019","From 55 to 64 years","Sweden","1 night or over","All countries of the world","Number",":",""
"2019","From 55 to 64 years","Iceland","1 night or over","All countries of the world","Number",":",""
"2019","From 55 to 64 years","Norway","1 night or over","All countries of the world","Number","566 949",""
"2019","From 55 to 64 years","Switzerland","1 night or over","All countries of the world","Number","934 734",""
"2019","From 55 to 64 years","United Kingdom","1 night or over","All countries of the world","Number",":",""
"2019","From 55 to 64 years","Montenegro","1 night or over","All countries of the world","Number",":",""
"2019","65 years or over","European Union - 28 countries (2013-2020)","1 night or over","All countries of the world","Number","50 876 454","e"
"2019","65 years or over","Belgium","1 night or over","All countries of the world","Number","884 914",""
"2019","65 years or over","Bulgaria","1 night or over","All countries of the world","Number","178 268",""
"2019","65 years or over","Czechia","1 night or over","All countries of the world","Number","1 260 533",""
"2019","65 years or over","Denmark","1 night or over","All countries of the world","Number","565 409",""
"2019","65 years or over","Germany (until 1990 former territory of the FRG)","1 night or over","All countries of the world","Number","11 086 839",""
"2019","65 years or over","Estonia","1 night or over","All countries of the world","Number","101 331",""
"2019","65 years or over","Ireland","1 night or over","All countries of the world","Number","415 255",""
"2019","65 years or over","Greece","1 night or over","All countries of the world","Number","579 750",""
"2019","65 years or over","Spain","1 night or over","All countries of the world","Number","4 126 153",""
"2019","65 years or over","France","1 night or over","All countries of the world","Number","9 118 652",""
"2019","65 years or over","Croatia","1 night or over","All countries of the world","Number","242 553",""
"2019","65 years or over","Italy","1 night or over","All countries of the world","Number","3 861 472",""
"2019","65 years or over","Cyprus","1 night or over","All countries of the world","Number","63 562","e"
"2019","65 years or over","Latvia","1 night or over","All countries of the world","Number","130 168",""
"2019","65 years or over","Lithuania","1 night or over","All countries of the world","Number","124 909",""
"2019","65 years or over","Luxembourg","1 night or over","All countries of the world","Number","61 379",""
"2019","65 years or over","Hungary","1 night or over","All countries of the world","Number","887 921",""
"2019","65 years or over","Malta","1 night or over","All countries of the world","Number","36 174",""
"2019","65 years or over","Netherlands","1 night or over","All countries of the world","Number","2 437 033",""
"2019","65 years or over","Austria","1 night or over","All countries of the world","Number","983 111",""
"2019","65 years or over","Poland","1 night or over","All countries of the world","Number","2 681 856",""
"2019","65 years or over","Portugal","1 night or over","All countries of the world","Number","835 865",""
"2019","65 years or over","Romania","1 night or over","All countries of the world","Number","483 975",""
"2019","65 years or over","Slovenia","1 night or over","All countries of the world","Number","147 125",""
"2019","65 years or over","Slovakia","1 night or over","All countries of the world","Number","490 512",""
"2019","65 years or over","Finland","1 night or over","All countries of the world","Number","760 847",""
"2019","65 years or over","Sweden","1 night or over","All countries of the world","Number",":",""
"2019","65 years or over","Iceland","1 night or over","All countries of the world","Number",":",""
"2019","65 years or over","Norway","1 night or over","All countries of the world","Number","561 075",""
"2019","65 years or over","Switzerland","1 night or over","All countries of the world","Number","1 089 055",""
"2019","65 years or over","United Kingdom","1 night or over","All countries of the world","Number",":",""
"2019","65 years or over","Montenegro","1 night or over","All countries of the world","Number",":",""
